chain1,resname1,resnum1,chain2,resname2,resnum2,sidechain_centroid_dist
K,ASN,165,B,GLU,157,6.556287450036042
K,GLN,183,B,GLU,410,6.732152680978149
K,PHE,185,B,GLU,410,6.943229209254523
K,VAL,309,B,ASP,417,5.590371286243437
K,VAL,309,B,GLU,421,6.401044341529125
K,PRO,310,B,GLU,421,5.7035955926454385
K,SER,314,B,ARG,262,6.435144310419017
K,SER,269,A,GLU,414,2.6389372273701417
K,ASN,289,A,GLU,414,4.809115031895225
K,LEU,293,A,ARG,402,4.663399232921371
K,LEU,293,A,GLU,415,5.605571388805957
K,THR,300,A,ARG,402,6.71901338471252
K,ASN,342,A,GLU,414,6.926433650515916
K,LEU,343,A,GLU,420,5.589598683492356
K,LEU,347,A,GLU,420,6.8316859086904635
K,LEU,347,A,GLU,423,6.954839570759373
K,SER,348,A,GLU,415,4.742321205907512
K,TYR,352,A,GLU,415,6.190618282025609
