chain1,resname1,resnum1,chain2,resname2,resnum2,sidechain_centroid_dist
K,ASN,165,B,GLU,157,6.944659707605879
K,GLN,183,B,GLU,410,6.983420174479998
K,PHE,185,B,GLU,410,6.800086787130014
K,VAL,309,B,ASP,417,5.519587860067065
K,VAL,309,B,GLU,421,5.869379724231673
K,PRO,310,B,GLU,421,5.204701107465791
K,SER,314,B,ARG,262,6.446558565643993
K,SER,269,A,GLU,414,3.277179592779951
K,ASN,289,A,GLU,414,5.131579430567389
K,LEU,293,A,ARG,402,5.125461600370703
K,LEU,293,A,GLU,415,5.772053770154564
K,LEU,343,A,GLU,420,5.598157170394956
K,LEU,347,A,GLU,420,6.777317467192375
K,SER,348,A,GLU,415,5.274823117097524
K,TYR,352,A,GLU,415,6.7968047460680445
